Ground Truth; Transformed Point; Camera Point; Selected Pixel; Error; Error(mm)
[-0.5, 0.0, 0.051];[-0.5023386960808792, -0.00011236692442429669, 0.04551145293609313];[0.010184638599529389, -0.004421924484106768, 0.206];[444, 233];0.0023413939618151416;2.341393961815142
[-0.45, 0.0, 0.051];[-0.45039916297889404, -0.0006289324105920235, 0.04537645329414952];[0.00970015147113033, 0.047483583596769484, 0.206];[443, 340];0.0007449074176115105;0.7449074176115106
